City_ID,City,Country,Date,Lat,Lng,Max Temp,Humidity,Cloudiness,Wind Speed
0,Black River,JM,2020-01-05 06:27:14,18.03,-77.85,80.01,88,40,4.7
1,Labuhan,ID,2020-01-05 06:27:14,-2.54,115.51,86.14,63,100,3.27
2,Lorengau,PG,2020-01-05 06:27:15,-2.02,147.27,82.74,79,96,15.55
3,Cidreira,BR,2020-01-05 06:27:15,-30.17,-50.22,72.59,83,12,15.99
4,Bathsheba,BB,2020-01-05 06:27:15,13.22,-59.52,77.0,78,20,6.93
5,Banda Aceh,ID,2020-01-05 06:26:20,5.56,95.32,87.19,56,35,9.04
6,Airai,TL,2020-01-05 06:27:16,-8.93,125.41,79.54,70,99,4.09
7,Rikitea,PF,2020-01-05 06:27:16,-23.12,-134.97,75.9,72,42,16.87
8,Egvekinot,RU,2020-01-05 06:27:16,66.32,-179.17,-12.3,68,0,11.99
9,Yellowknife,CA,2020-01-05 06:25:12,62.45,-114.38,0.0,84,90,16.11
10,Nikolskoye,RU,2020-01-05 06:27:16,59.7,30.79,32.0,83,75,22.37
11,Jamestown,AU,2020-01-05 06:25:27,-33.21,138.6,54.86,80,100,7.65
12,Iqaluit,CA,2020-01-05 06:26:05,63.75,-68.52,-29.0,60,5,17.22
13,Troy,US,2020-01-05 06:27:17,42.73,-73.69,36.0,80,90,4.7
14,Te Anau,NZ,2020-01-05 06:27:17,-45.41,167.72,47.28,70,88,15.66
15,Butaritari,KI,2020-01-05 06:27:17,3.07,172.79,84.74,78,82,11.52
16,Charters Towers,AU,2020-01-05 06:27:18,-20.07,146.27,89.98,39,1,19.89
17,Biguacu,BR,2020-01-05 06:24:55,-27.49,-48.66,71.01,100,75,6.93
18,Thyolo,MW,2020-01-05 06:27:18,-16.07,35.15,73.65,87,100,1.63
19,Kruisfontein,ZA,2020-01-05 06:26:01,-34.0,24.73,69.15,67,68,16.42
20,Dikson,RU,2020-01-05 06:27:18,73.51,80.55,7.5,89,100,22.7
21,Georgetown,GY,2020-01-05 06:27:19,6.8,-58.16,77.95,76,36,12.73
22,Saskylakh,RU,2020-01-05 06:27:19,71.97,114.09,-21.05,93,17,7.65
23,Hof,DE,2020-01-05 06:27:19,50.32,11.92,35.01,94,90,4.07
24,Port Alfred,ZA,2020-01-05 06:27:19,-33.59,26.89,71.01,98,100,10.0
25,Panaba,MX,2020-01-05 06:27:19,21.28,-88.27,70.86,71,75,10.74
26,Ahipara,NZ,2020-01-05 06:26:47,-35.17,173.16,66.0,80,47,17.69
27,Noumea,NC,2020-01-05 06:26:37,-22.28,166.46,86.0,55,20,24.16
28,Avarua,CK,2020-01-05 06:26:37,-21.21,-159.78,80.6,83,14,1.12
29,Upernavik,GL,2020-01-05 06:25:48,72.79,-56.15,-35.79,91,57,9.44
30,Hithadhoo,MV,2020-01-05 06:27:20,-0.6,73.08,84.18,67,62,6.15
31,Xichang,CN,2020-01-05 06:27:21,27.88,102.25,44.46,67,53,12.46
32,Baruun-Urt,MN,2020-01-05 06:27:21,46.68,113.28,19.11,80,100,2.15
33,Sumenep,ID,2020-01-05 06:27:21,-7.02,113.87,86.47,70,85,9.86
34,Jieshi,CN,2020-01-05 06:27:21,22.82,115.83,73.99,67,94,11.72
35,Mezhova,UA,2020-01-05 06:27:22,48.26,36.73,31.75,98,100,3.96
36,Tuktoyaktuk,CA,2020-01-05 06:27:22,69.44,-133.03,-25.6,67,20,12.75
37,Thompson,CA,2020-01-05 06:25:30,55.74,-97.86,5.0,84,90,8.05
38,San Patricio,PY,2020-01-05 06:27:22,-26.98,-56.83,70.97,68,0,4.65
39,Punta Arenas,CL,2020-01-05 06:23:32,-53.16,-70.91,48.2,81,90,9.17
40,Livani,LV,2020-01-05 06:27:23,56.35,26.18,30.36,75,7,6.93
41,Longyearbyen,NO,2020-01-05 06:27:23,78.22,15.63,6.8,65,40,1.12
42,Carnarvon,ZA,2020-01-05 06:27:23,-30.97,22.13,71.24,49,8,4.63
43,Biak,ID,2020-01-05 06:27:02,-0.91,122.88,78.71,83,100,9.44
44,Ushuaia,AR,2020-01-05 06:27:24,-54.81,-68.31,50.0,66,40,10.29
45,Hobart,AU,2020-01-05 06:24:23,-42.88,147.33,69.01,42,5,16.11
46,Kapaa,US,2020-01-05 06:27:24,22.08,-159.32,73.4,94,90,19.46
47,Saint George,GR,2020-01-05 06:27:25,39.45,22.34,41.0,60,40,4.7
48,Moba,CD,2020-01-05 06:27:25,-7.04,29.77,77.16,71,93,6.64
49,Okha,RU,2020-01-05 06:27:25,53.59,142.95,18.41,94,100,22.37
50,Chapais,CA,2020-01-05 06:27:25,49.78,-74.86,5.0,92,90,5.82
51,Mataura,NZ,2020-01-05 06:27:25,-46.19,168.86,55.0,70,51,18.99
52,Khatanga,RU,2020-01-05 06:25:42,71.98,102.47,-21.17,88,0,8.86
53,Arraial Do Cabo,BR,2020-01-05 06:25:36,-22.97,-42.02,75.25,88,100,11.14
54,Atuona,PF,2020-01-05 06:25:47,-9.8,-139.03,81.03,70,0,5.41
55,Quibor,VE,2020-01-05 06:27:26,9.93,-69.62,62.42,89,0,3.33
56,Naze,NG,2020-01-05 06:27:27,5.43,7.07,68.86,29,17,4.23
57,Albany,US,2020-01-05 06:24:33,42.65,-73.75,36.0,80,90,4.7
58,Makakilo City,US,2020-01-05 06:27:27,21.35,-158.09,75.99,83,75,6.93
59,Port Elizabeth,US,2020-01-05 06:27:27,39.31,-74.98,44.01,87,90,14.99
60,Santa Fe,AR,2020-01-05 06:27:28,-31.62,-60.7,75.0,69,0,1.99
61,Ewo,CG,2020-01-05 06:27:28,-0.88,14.81,74.84,79,69,3.24
62,Walvis Bay,NA,2020-01-05 06:26:49,-22.95,14.51,62.01,87,90,6.93
63,Mar Del Plata,AR,2020-01-05 06:27:29,-46.43,-67.52,58.86,41,87,11.34
64,Vaini,IN,2020-01-05 06:27:29,15.34,74.49,77.0,53,20,9.17
65,New Norfolk,AU,2020-01-05 06:25:18,-42.78,147.06,69.01,42,0,16.11
66,Riyadh,SA,2020-01-05 06:25:29,24.63,46.72,55.4,87,75,8.05
67,Kopavogur,IS,2020-01-05 06:27:30,64.11,-21.91,37.4,79,75,24.16
68,Hermanus,ZA,2020-01-05 06:27:30,-34.42,19.24,72.0,69,38,3.0
69,Busselton,AU,2020-01-05 06:27:30,-33.64,115.35,89.01,10,32,10.07
70,Lebu,ET,2020-01-05 06:27:30,8.96,38.73,60.8,63,20,4.7
71,Gravdal,NO,2020-01-05 06:27:30,59.79,5.78,39.99,93,100,20.8
72,Raudeberg,NO,2020-01-05 06:27:31,61.99,5.14,41.0,93,100,19.46
73,Naryan-Mar,RU,2020-01-05 06:27:31,67.67,53.09,21.78,89,100,19.73
74,Ponta Do Sol,BR,2020-01-05 06:27:31,-20.63,-46.0,66.27,93,84,2.51
75,Rock Springs,US,2020-01-05 06:26:09,41.59,-109.2,24.8,68,1,9.17
76,Mandera,ET,2020-01-05 06:27:32,3.94,41.86,83.77,50,27,8.3
77,Barrow,AR,2020-01-05 06:27:32,-38.31,-60.23,62.46,92,88,6.71
78,Berekua,DM,2020-01-05 06:27:32,15.23,-61.32,78.55,77,0,17.83
79,Fortuna Foothills,US,2020-01-05 06:27:32,32.66,-114.41,60.01,33,1,5.82
80,Nuuk,GL,2020-01-05 06:25:57,64.17,-51.74,21.2,85,100,6.93
81,Nanchang,CN,2020-01-05 06:27:33,28.68,115.89,62.62,71,78,5.66
82,Varzelandia,BR,2020-01-05 06:25:36,-15.7,-44.03,68.16,99,100,6.08
83,Nome,US,2020-01-05 06:27:33,30.04,-94.42,48.99,93,1,4.36
84,Asyut,EG,2020-01-05 06:26:57,27.18,31.19,44.6,70,0,11.41
85,Manaure,CO,2020-01-05 06:27:34,11.78,-72.45,79.05,82,0,13.96
86,Salalah,OM,2020-01-05 06:27:34,17.01,54.1,78.8,65,75,14.99
87,Daru,PG,2020-01-05 06:27:34,-9.07,143.21,88.2,58,96,7.76
88,Vilyuysk,RU,2020-01-05 06:27:34,63.75,121.63,-11.69,98,97,2.15
89,Tasiilaq,GL,2020-01-05 06:25:32,65.61,-37.64,28.4,68,100,5.82
90,Najran,SA,2020-01-05 06:27:35,17.54,44.22,78.8,41,0,2.24
91,Cabedelo,BR,2020-01-05 06:27:35,-6.97,-34.84,75.2,94,20,4.7
92,Tiksi,RU,2020-01-05 06:27:35,71.64,128.87,-21.08,88,66,9.24
93,Wanxian,CN,2020-01-05 06:27:36,30.8,108.39,45.97,83,100,1.9
94,Haines Junction,CA,2020-01-05 06:27:36,60.75,-137.51,-16.19,98,36,2.86
95,Chifeng,CN,2020-01-05 06:27:36,42.27,118.96,29.66,33,63,5.86
96,Mahebourg,MU,2020-01-05 06:27:36,-20.41,57.7,78.01,94,75,6.93
97,Fortuna,US,2020-01-05 06:26:35,40.6,-124.16,45.0,100,75,2.13
98,Buique,BR,2020-01-05 06:27:37,-8.62,-37.16,70.21,79,99,4.5
99,Waddan,LY,2020-01-05 06:27:37,29.16,16.14,43.66,70,0,4.88
100,Geraldton,CA,2020-01-05 06:27:37,49.72,-86.95,14.0,85,90,1.92
101,Esperance,AU,2020-01-05 06:27:37,-33.86,121.89,87.8,15,0,11.41
102,Lyuban,BY,2020-01-05 06:27:38,52.8,28.0,30.4,93,100,6.15
103,Prieska,ZA,2020-01-05 06:27:38,-29.67,22.74,73.72,24,0,4.61
104,Hami,CN,2020-01-05 06:27:38,42.84,93.51,26.06,46,0,3.6
105,Cape Town,ZA,2020-01-05 06:27:38,-33.93,18.42,70.0,82,40,11.41
106,Maceio,BR,2020-01-05 06:24:52,-9.67,-35.74,75.2,88,20,3.36
107,Sao Joao Da Barra,BR,2020-01-05 06:25:58,-21.64,-41.05,73.15,96,100,2.26
108,Billings,US,2020-01-05 06:27:39,45.79,-108.5,37.0,31,1,24.16
109,Ballina,IE,2020-01-05 06:27:39,54.11,-9.15,50.0,100,90,12.75
110,Nelson Bay,AU,2020-01-05 06:27:39,-32.72,152.14,75.2,69,90,24.16
111,Puerto Escondido,MX,2020-01-05 06:27:40,15.86,-97.07,75.2,78,40,5.82
112,Laguna,BZ,2020-01-05 06:27:40,16.17,-88.94,71.6,88,90,9.17
113,Faanui,PF,2020-01-05 06:27:40,-16.48,-151.75,81.32,78,83,11.07
114,Tura,RU,2020-01-05 06:27:40,64.27,100.22,4.91,90,100,6.33
115,Krasnogorskoye,RU,2020-01-05 06:27:41,57.7,52.5,26.04,94,100,8.19
116,Coihaique,CL,2020-01-05 06:27:41,-45.58,-72.07,50.0,71,79,3.36
117,Roma,IT,2020-01-05 06:22:50,41.89,12.48,46.4,93,0,8.05
118,Port Hardy,CA,2020-01-05 06:26:26,50.7,-127.42,41.0,86,75,20.8
119,Monrovia,LR,2020-01-05 06:25:10,6.33,-10.8,66.2,93,20,5.82
120,Luderitz,NA,2020-01-05 06:27:42,-26.65,15.16,61.39,85,0,3.02
121,Rovaniemi,FI,2020-01-05 06:27:42,66.5,25.72,14.0,78,0,5.82
122,Charleston,US,2020-01-05 06:23:25,32.79,-79.94,50.0,49,1,19.46
123,Bredasdorp,ZA,2020-01-05 06:27:42,-34.53,20.04,73.4,56,99,8.05
124,Portland,US,2020-01-05 06:26:04,43.66,-70.25,34.0,86,90,10.29
125,Jaru,BR,2020-01-05 06:27:43,-10.43,-62.48,72.84,98,100,2.26
126,Comodoro Rivadavia,AR,2020-01-05 06:27:43,-45.87,-67.48,59.0,47,64,12.75
127,Paraguari,PY,2020-01-05 06:27:43,-25.62,-57.15,73.4,83,20,1.9
128,Sungaipenuh,ID,2020-01-05 06:27:44,-2.08,101.38,78.13,66,71,2.26
129,Lasa,CY,2020-01-05 06:27:44,34.92,32.53,51.8,87,75,3.36
130,Namatanai,PG,2020-01-05 06:27:44,-3.66,152.44,84.76,72,100,7.36
131,Cockburn Town,TC,2020-01-05 06:27:45,21.46,-71.14,77.2,68,0,7.29
132,Narsaq,GL,2020-01-05 06:27:45,60.91,-46.05,24.8,79,98,5.17
133,Tortoli,IT,2020-01-05 06:27:45,39.93,9.66,48.99,66,5,11.41
134,Qaanaaq,GL,2020-01-05 06:27:45,77.48,-69.36,-39.08,51,0,5.97
135,Fillmore,US,2020-01-05 06:27:46,34.4,-118.91,57.2,81,1,4.9
136,Pevek,RU,2020-01-05 06:25:27,69.7,170.27,-5.69,67,0,3.67
137,Sorland,NO,2020-01-05 06:27:46,67.67,12.69,34.93,72,100,24.81
138,Elizabeth City,US,2020-01-05 06:27:47,36.3,-76.22,48.99,87,90,18.34
139,Bluff,AU,2020-01-05 06:25:24,-23.58,149.07,88.99,40,90,16.22
140,Wasilla,US,2020-01-05 06:27:47,61.58,-149.44,0.0,83,1,6.93
141,Ostrovnoy,RU,2020-01-05 06:27:47,68.05,39.51,15.73,85,100,25.3
142,Pozo Colorado,PY,2020-01-05 06:27:47,-23.49,-58.8,74.44,71,0,3.67
143,Pangai,TO,2020-01-05 06:27:48,-19.8,-174.35,80.6,69,20,2.24
144,Waitati,NZ,2020-01-05 06:27:48,-45.75,170.57,57.0,58,40,26.13
145,Isabela,PH,2020-01-05 06:27:48,10.2,122.99,78.98,71,42,15.03
146,Amapa,HN,2020-01-05 06:27:49,15.09,-87.97,72.0,94,90,4.7
147,Sisimiut,GL,2020-01-05 06:27:49,66.94,-53.67,6.46,95,100,3.94
148,Hamilton,CA,2020-01-05 06:25:04,43.26,-79.87,35.01,86,90,6.93
149,Castro,CL,2020-01-05 06:27:49,-42.48,-73.76,51.8,76,80,4.7
150,Praia Da Vitoria,PT,2020-01-05 06:27:50,38.73,-27.07,62.6,93,40,27.0
151,Bethel,US,2020-01-05 06:27:50,60.79,-161.76,-11.2,75,1,4.7
152,Constitucion,MX,2020-01-05 06:27:50,23.99,-104.67,41.0,58,16,4.0
153,Mopti,ML,2020-01-05 06:27:50,14.49,-4.19,55.4,54,11,4.7
154,Adrar,DZ,2020-01-05 06:27:51,27.87,-0.29,33.8,43,3,8.05
155,Luanda,AO,2020-01-05 06:23:41,-8.83,13.24,75.2,88,90,5.82
156,Avera,US,2020-01-05 06:25:59,33.19,-82.53,42.8,60,1,9.17
157,Ilulissat,GL,2020-01-05 06:27:51,69.22,-51.1,12.2,72,100,6.93
158,Okhotsk,RU,2020-01-05 06:27:52,59.36,143.24,14.74,90,98,10.94
159,Rio Gallegos,AR,2020-01-05 06:27:52,-51.62,-69.22,53.6,66,100,16.11
160,Erenhot,CN,2020-01-05 06:27:52,43.65,111.97,26.02,62,63,4.88
161,Hilo,US,2020-01-05 06:26:44,19.71,-155.08,75.2,73,75,4.7
162,Newport,GB,2020-01-05 06:25:51,51.59,-3.0,45.0,93,90,9.17
163,Los Llanos De Aridane,ES,2020-01-05 06:27:53,28.66,-17.92,62.6,63,40,11.41
164,Saint-Philippe,CA,2020-01-05 06:25:43,45.36,-73.48,30.0,79,90,6.93
165,Ancud,CL,2020-01-05 06:25:29,-41.87,-73.83,51.8,76,60,4.7
166,Sterling,US,2020-01-05 06:27:02,39.0,-77.4,44.6,69,90,17.22
167,Acapulco,MX,2020-01-05 06:27:37,16.86,-99.88,75.2,94,5,2.77
168,Luwuk,ID,2020-01-05 06:27:54,-0.95,122.79,78.71,83,100,9.44
169,Sobolevo,RU,2020-01-05 06:27:54,54.43,31.9,27.75,93,9,8.68
170,Jalingo,NG,2020-01-05 06:27:54,10.3,10.93,58.84,47,3,13.27
171,Bambous Virieux,MU,2020-01-05 06:27:55,-20.34,57.76,78.01,94,75,6.93
172,Sistranda,NO,2020-01-05 06:27:55,63.73,8.83,37.99,80,75,16.11
173,Kodiak,US,2020-01-05 06:27:55,39.95,-94.76,37.99,51,1,13.47
174,Zhigansk,RU,2020-01-05 06:27:55,66.77,123.37,-16.42,95,100,10.96
175,Mumford,GH,2020-01-05 06:27:55,5.26,-0.76,68.22,59,10,3.74
176,Dingle,PH,2020-01-05 06:27:56,11.0,122.67,80.13,82,41,15.9
177,Tubigan,PH,2020-01-05 06:27:56,14.33,121.07,87.01,51,20,17.22
178,Chegdomyn,RU,2020-01-05 06:27:56,51.13,133.04,-11.69,92,12,2.33
179,Yablonovo,RU,2020-01-05 06:27:56,50.85,37.36,30.2,100,75,2.24
180,Vera Cruz,BR,2020-01-05 06:27:57,-12.96,-38.61,78.8,78,75,3.36
181,Alta Floresta,BR,2020-01-05 06:27:57,-9.87,-56.08,69.22,96,100,3.62
182,Moshenskoye,RU,2020-01-05 06:27:57,58.52,34.59,28.51,85,97,9.51
183,Srednekolymsk,RU,2020-01-05 06:27:57,67.46,153.71,2.25,52,46,4.34
184,Konevo,BG,2020-01-05 06:27:57,41.67,25.61,46.0,56,100,1.99
185,Vilhena,BR,2020-01-05 06:27:58,-12.74,-60.15,68.77,96,100,4.03
186,Chuy,UY,2020-01-05 06:27:58,-33.69,-53.46,65.34,86,0,7.78
187,Mitsamiouli,KM,2020-01-05 06:27:58,-11.38,43.28,87.8,70,20,4.7
188,Fez,MA,2020-01-05 06:27:59,34.03,-5.02,35.6,93,40,5.82
189,Camacha,PT,2020-01-05 06:27:59,33.08,-16.33,62.6,82,20,4.7
190,Narwar,IN,2020-01-05 06:27:59,25.64,77.91,66.92,44,0,3.33
191,Klaksvik,FO,2020-01-05 06:27:59,62.23,-6.59,46.4,93,100,2.24
192,Borogontsy,RU,2020-01-05 06:28:00,62.67,131.17,-12.68,97,100,5.23
193,Severo-Kurilsk,RU,2020-01-05 06:25:39,50.68,156.12,17.76,90,100,6.15
194,Pisco,PE,2020-01-05 06:28:00,-13.71,-76.2,69.8,83,86,11.41
195,Verkhoyansk,RU,2020-01-05 06:28:01,67.55,133.39,-30.12,92,6,1.12
196,Tenenkou,ML,2020-01-05 06:28:01,14.46,-4.91,54.93,24,0,9.95
197,Ulladulla,AU,2020-01-05 06:28:01,-35.36,150.48,62.6,100,80,9.17
198,Puerto Ayora,EC,2020-01-05 06:25:28,-0.74,-90.35,75.0,83,40,1.99
199,Strezhevoy,RU,2020-01-05 06:28:02,60.73,77.6,24.8,92,90,13.42
200,Qatana,SY,2020-01-05 06:28:02,33.43,36.09,50.0,81,40,9.17
201,Aklavik,CA,2020-01-05 06:28:02,68.22,-135.01,-23.8,67,75,3.36
202,Manaus,BR,2020-01-05 06:28:02,-3.13,-59.98,78.8,88,97,2.24
203,Elat,CM,2020-01-05 06:28:03,2.91,11.16,67.78,94,4,2.71
204,Grindavik,IS,2020-01-05 06:28:03,63.84,-22.43,37.4,86,75,31.09
205,Vao,EE,2020-01-05 06:28:03,59.1,26.19,28.85,79,92,11.18
206,Chokurdakh,RU,2020-01-05 06:28:03,70.62,147.9,-14.84,96,60,5.88
207,Muzhi,RU,2020-01-05 06:28:04,65.4,64.7,23.92,79,0,18.16
208,Aden,YE,2020-01-05 06:23:31,12.79,45.03,79.38,63,72,9.15
209,Lagoa,PT,2020-01-05 06:28:04,37.14,-8.45,50.0,81,20,8.05
210,Rafraf,TN,2020-01-05 06:28:04,37.19,10.18,57.2,76,40,12.75
211,Barao De Melgaco,BR,2020-01-05 06:28:04,-16.19,-55.97,77.0,83,8,9.17
212,Norman Wells,CA,2020-01-05 06:28:05,65.28,-126.83,-18.4,68,75,5.82
213,Neuquen,AR,2020-01-05 06:25:26,-38.95,-68.06,71.6,26,3,10.29
214,Pouebo,NC,2020-01-05 06:28:05,-20.4,164.57,78.13,62,32,1.3
215,Revda,RU,2020-01-05 06:28:05,67.94,34.55,10.92,92,100,9.17
216,Lazurne,UA,2020-01-05 06:28:05,46.77,34.99,34.36,96,100,2.77
217,Vila Velha,BR,2020-01-05 06:28:06,-3.71,-38.6,86.0,83,40,4.7
218,Jalgaon,IN,2020-01-05 06:28:06,21.0,75.57,74.98,31,0,12.1
219,La Palma,CO,2020-01-05 06:28:06,5.36,-74.39,67.06,96,46,2.82
220,Saldanha,PT,2020-01-05 06:28:07,41.42,-6.55,33.8,89,0,2.19
221,Anahuac,MX,2020-01-05 06:28:07,26.44,-109.02,52.0,88,0,3.0
222,Sitka,US,2020-01-05 06:28:07,37.17,-99.65,44.46,50,16,8.99
223,San Miguel,AR,2020-01-05 06:28:07,-34.54,-58.72,73.99,73,0,5.82
224,Altus,US,2020-01-05 06:28:08,34.64,-99.33,42.8,43,1,10.29
225,East London,ZA,2020-01-05 06:28:08,-33.02,27.91,73.4,94,90,17.22
226,Mago,RU,2020-01-05 06:28:08,53.27,140.15,3.99,90,69,6.69
227,Kiunga,PG,2020-01-05 06:28:08,-6.12,141.3,92.39,51,87,3.62
228,Amga,RU,2020-01-05 06:28:09,60.89,131.98,-4.67,98,100,3.04
229,Moerai,PF,2020-01-05 06:28:09,-22.43,-151.33,78.87,85,100,3.98
230,Meulaboh,ID,2020-01-05 06:28:09,4.14,96.13,82.24,72,3,3.98
231,Guerrero Negro,MX,2020-01-05 06:28:09,27.97,-114.04,60.22,54,0,4.14
232,Tam Ky,VN,2020-01-05 06:28:05,15.57,108.48,80.6,65,40,5.82
233,Provideniya,RU,2020-01-05 06:26:35,64.42,-173.23,-10.93,97,96,10.36
234,Saint-Denis,FR,2020-01-05 06:28:10,48.94,2.36,45.0,93,90,3.36
235,Kaitangata,NZ,2020-01-05 06:28:10,-46.28,169.85,57.99,44,47,28.01
236,Sao Joao Del Rei,BR,2020-01-05 06:28:10,-21.14,-44.26,64.83,97,100,4.32
237,La Huaca,PE,2020-01-05 06:28:11,-12.67,-76.64,63.66,92,93,2.33
238,Coquimbo,CL,2020-01-05 06:26:25,-29.95,-71.34,60.8,93,90,8.05
239,Westport,US,2020-01-05 06:23:42,41.14,-73.36,41.0,86,90,16.11
240,Nsanje,MZ,2020-01-05 06:28:11,-16.92,35.26,83.35,74,99,1.36
241,Torbay,CA,2020-01-05 06:25:24,47.66,-52.73,30.0,92,75,5.82
242,Gamba,CN,2020-01-05 06:28:12,28.28,88.52,8.65,39,94,10.36
243,Ampanihy,MG,2020-01-05 06:28:12,-24.69,44.75,84.25,49,0,9.78
244,Bowen,AU,2020-01-05 06:28:12,-20.01,148.25,87.01,58,40,17.22
245,Shakawe,BW,2020-01-05 06:28:13,-18.36,21.84,70.27,82,100,3.74
246,Bilma,NE,2020-01-05 06:28:13,18.69,12.92,46.47,39,0,8.1
247,San Cristobal,HN,2020-01-05 06:28:13,14.68,-86.92,60.75,97,11,2.35
248,Harper,US,2020-01-05 06:26:07,30.3,-99.24,54.0,74,1,12.66
249,Sucua,EC,2020-01-05 06:28:13,-2.46,-78.17,62.78,96,65,2.66
250,Broome,GB,2020-01-05 06:28:14,52.47,1.45,45.0,81,90,6.93
251,Fereydun Kenar,IR,2020-01-05 06:28:14,36.69,52.52,48.2,93,90,4.7
252,Niquelandia,BR,2020-01-05 06:28:15,-14.47,-48.46,67.57,98,100,3.36
253,Chulym,RU,2020-01-05 06:28:15,55.09,80.97,26.55,93,100,18.61
254,Tambacounda,SN,2020-01-05 06:28:15,13.77,-13.67,62.6,25,15,9.17
255,Broken Hill,AU,2020-01-05 06:28:15,-31.97,141.45,75.2,22,78,27.51
256,Cabo San Lucas,MX,2020-01-05 06:24:16,22.89,-109.91,61.0,77,5,13.87
257,Grand Forks,US,2020-01-05 06:27:27,47.91,-97.06,24.8,85,90,9.17
258,Cherskiy,RU,2020-01-05 06:25:57,68.75,161.3,-2.25,55,83,7.99
259,Srivardhan,IN,2020-01-05 06:28:16,18.03,73.02,81.54,44,0,3.09
260,El Astillero,ES,2020-01-05 06:28:17,43.4,-3.82,46.99,93,40,1.12
261,Yerbogachen,RU,2020-01-05 06:28:17,61.28,108.01,14.09,90,100,12.28
262,Santa Marta,CO,2020-01-05 06:28:17,11.24,-74.21,78.8,65,14,6.93
263,Sikonge,TZ,2020-01-05 06:28:17,-5.63,32.75,71.6,78,20,4.29
264,Kilindoni,TZ,2020-01-05 06:28:17,-7.91,39.67,79.32,86,92,5.03
265,Kjollefjord,NO,2020-01-05 06:28:18,70.95,27.35,24.96,76,100,21.61
266,Inhambane,MZ,2020-01-05 06:28:18,-23.87,35.38,82.4,69,20,5.82
267,Santa Cruz,BR,2020-01-05 06:28:16,-6.22,-36.02,71.04,93,92,1.9
268,The Valley,AI,2020-01-05 06:28:18,18.22,-63.06,78.01,73,20,8.05
269,Snezhnogorsk,RU,2020-01-05 06:28:19,69.19,33.23,17.6,78,75,8.95
270,Baykit,RU,2020-01-05 06:28:19,61.68,96.39,9.39,91,100,6.6
271,Trinidad,BO,2020-01-05 06:28:19,-14.83,-64.9,73.72,98,99,3.24
272,Mexico,US,2020-01-05 06:25:17,39.17,-91.88,34.0,74,1,8.05
273,Leningradskiy,RU,2020-01-05 06:28:19,69.38,178.42,-10.46,57,0,2.64
274,Escobal,CR,2020-01-05 06:28:20,9.93,-84.43,69.8,68,19,19.46
275,Port Moresby,PG,2020-01-05 06:25:35,-9.47,147.16,87.8,70,40,17.22
276,Bubaque,GW,2020-01-05 06:28:20,11.28,-15.83,75.67,42,0,17.05
277,Caliling,PH,2020-01-05 06:28:20,9.98,122.48,82.27,73,1,12.57
278,Pangkalanbuun,ID,2020-01-05 06:28:20,-2.68,111.62,94.64,47,55,4.12
279,Grand-Santi,GF,2020-01-05 06:28:21,4.27,-54.38,69.15,99,28,0.89
280,Gushikawa,JP,2020-01-05 06:28:21,26.35,127.87,69.8,60,75,12.75
281,Turbaco,CO,2020-01-05 06:28:21,10.33,-75.41,80.6,83,40,8.05
282,Marsh Harbour,BS,2020-01-05 06:28:21,26.54,-77.06,76.66,82,15,22.41
283,Yangambi,CD,2020-01-05 06:28:22,0.77,24.47,70.95,83,99,0.65
284,Olinda,AU,2020-01-05 06:28:22,-37.84,145.39,62.01,63,90,13.87
285,Lata,IN,2020-01-05 06:28:22,30.78,78.62,15.19,45,35,5.19
286,Tecoanapa,MX,2020-01-05 06:28:22,16.99,-99.26,75.2,94,5,1.88
287,General Roca,AR,2020-01-05 06:28:22,-39.03,-67.58,71.6,26,0,10.29
288,Yatou,CM,2020-01-05 06:28:23,3.63,9.81,77.0,94,40,1.12
289,Nianzishan,CN,2020-01-05 06:28:23,47.51,122.88,21.54,83,13,1.28
290,Lynden,US,2020-01-05 06:28:23,48.95,-122.46,46.4,81,75,10.29
291,Presque Isle,US,2020-01-05 06:28:23,46.68,-68.02,28.4,92,90,8.05
292,Port Blair,IN,2020-01-05 06:23:42,11.67,92.75,86.0,70,40,9.17
293,Muisne,EC,2020-01-05 06:28:24,0.61,-80.02,75.38,86,89,4.21
294,Martil,MA,2020-01-05 06:28:24,35.62,-5.28,59.0,67,75,11.41
295,Warmbad,DE,2020-01-05 06:28:24,50.67,13.08,35.6,74,92,5.82
296,Balkhash,KZ,2020-01-05 06:28:24,46.84,74.98,23.0,92,90,11.18
297,Bandundu,CD,2020-01-05 06:28:25,-3.32,17.38,74.07,84,96,4.43
298,Toktogul,KG,2020-01-05 06:28:25,41.87,72.95,15.58,68,100,1.14
299,Ribeira Grande,PT,2020-01-05 06:28:25,38.52,-28.7,60.82,89,100,20.29
300,Kamina,CD,2020-01-05 06:28:26,-8.74,25.0,68.05,90,100,5.19
301,Khazar,RU,2020-01-05 06:28:26,41.99,48.34,45.9,75,24,0.45
302,Brindisi,IT,2020-01-05 06:26:17,40.63,17.94,55.4,62,72,11.41
303,Alice Springs,AU,2020-01-05 06:25:35,-23.7,133.88,84.2,37,42,11.41
304,Deer Lake,CA,2020-01-05 06:28:26,49.18,-57.43,26.6,92,90,2.24
305,Tevaitoa,PF,2020-01-05 06:28:27,-16.78,-151.5,81.59,78,98,10.56
306,Nioaque,BR,2020-01-05 06:28:27,-21.16,-55.83,70.54,90,0,0.92
307,Sao Jose Da Coroa Grande,BR,2020-01-05 06:28:27,-8.9,-35.15,79.32,78,100,13.65
308,Havoysund,NO,2020-01-05 06:28:27,71.0,24.66,24.8,79,100,36.91
309,Jinka,ET,2020-01-05 06:28:27,5.79,36.57,72.0,76,43,1.61
310,Sudak,UA,2020-01-05 06:28:28,44.85,34.97,38.19,91,100,1.5
311,College,US,2020-01-05 06:28:28,64.86,-147.8,-15.0,74,75,2.82
312,Sao Filipe,CV,2020-01-05 06:25:54,14.9,-24.5,69.42,75,11,15.88
313,Grand Gaube,MU,2020-01-05 06:28:28,-20.01,57.66,78.01,94,75,6.93
314,Kununurra,AU,2020-01-05 06:28:29,-15.77,128.74,100.4,37,95,11.41
315,Kot Diji,PK,2020-01-05 06:28:29,27.34,68.71,57.2,67,40,6.93
316,Khani,GE,2020-01-05 06:28:29,41.96,42.96,35.6,58,75,3.36
317,Tabou,CI,2020-01-05 06:28:29,4.42,-7.36,67.48,73,0,3.44
318,Chapayevka,RU,2020-01-05 06:28:29,53.06,158.83,30.2,74,90,13.42
319,Sorong,ID,2020-01-05 06:28:30,-0.86,131.25,88.02,61,50,6.69
320,Kavieng,PG,2020-01-05 06:28:30,-2.57,150.8,84.83,72,100,10.31
321,Arica,CL,2020-01-05 06:28:30,-18.48,-70.32,71.6,73,90,3.36
322,Urcos,PE,2020-01-05 06:28:30,-13.69,-71.62,46.4,81,90,8.05
323,Yulara,AU,2020-01-05 06:28:31,-25.24,130.99,66.2,88,90,12.75
324,Shubarkuduk,KZ,2020-01-05 06:28:31,49.15,56.49,19.27,96,94,4.41
325,Arauco,CL,2020-01-05 06:28:31,-37.25,-73.32,55.4,71,0,14.99
326,Cairns,AU,2020-01-05 06:26:47,-16.92,145.77,87.8,52,75,12.75
327,Iquique,CL,2020-01-05 06:28:32,-20.22,-70.14,71.6,68,20,3.36
328,Port Hueneme,US,2020-01-05 06:28:32,34.15,-119.2,54.0,81,1,2.89
329,Buchanan,LR,2020-01-05 06:26:19,5.88,-10.05,66.2,93,20,5.82
330,Tuatapere,NZ,2020-01-05 06:28:33,-46.13,167.69,55.0,70,6,18.99
331,Balabac,PH,2020-01-05 06:28:33,7.99,117.06,82.83,70,94,17.58
332,Vestmanna,FO,2020-01-05 06:28:33,62.16,-7.17,46.4,93,100,2.24
333,Mayo,CA,2020-01-05 06:28:34,63.59,-135.9,-13.0,62,20,6.93
334,Pipri,IN,2020-01-05 06:28:34,24.21,83.02,63.79,53,0,5.93
335,Kavaratti,IN,2020-01-05 06:26:01,10.57,72.64,87.8,58,20,4.7
336,Gouyave,GD,2020-01-05 06:28:34,12.16,-61.73,75.2,94,75,5.82
337,Nipawin,CA,2020-01-05 06:24:41,53.36,-104.02,21.2,92,75,10.29
338,Naustdal,NO,2020-01-05 06:28:35,61.51,5.72,41.0,93,100,19.46
339,Mudkhed,IN,2020-01-05 06:28:35,19.15,77.51,71.6,60,0,8.05
340,Muravlenko,RU,2020-01-05 06:28:35,63.79,74.5,21.33,92,100,19.35
341,Beni Suef,EG,2020-01-05 06:28:36,29.07,31.1,45.43,57,0,6.51
342,Villafranca De Los Barros,ES,2020-01-05 06:28:36,38.56,-6.34,37.99,100,90,1.12
343,Beruwala,LK,2020-01-05 06:28:36,6.48,79.98,86.22,67,5,4.16
344,Soubre,CI,2020-01-05 06:28:36,5.79,-6.61,65.1,36,0,1.72
345,Pangnirtung,CA,2020-01-05 06:28:37,66.15,-65.72,-35.48,98,100,6.35
346,Northam,AU,2020-01-05 06:28:37,-31.65,116.67,95.0,14,0,18.34
347,Bulgan,MN,2020-01-05 06:28:37,48.81,103.53,8.71,84,4,6.38
348,Oktyabrskoye,RU,2020-01-05 06:28:37,56.73,85.44,28.4,92,75,17.9
349,Hofn,IS,2020-01-05 06:28:38,64.25,-15.21,43.84,77,78,35.99
350,Ntoum,GA,2020-01-05 06:28:38,0.39,9.76,78.8,94,40,2.24
351,Kourou,GF,2020-01-05 06:28:38,5.16,-52.64,77.0,88,63,1.12
352,Ust-Kuyga,RU,2020-01-05 06:28:38,70.0,135.55,-26.81,99,98,6.64
353,Victoria,BN,2020-01-05 06:26:50,5.28,115.24,91.0,58,75,5.82
354,Saint-Francois,FR,2020-01-05 06:28:39,46.42,3.91,37.0,86,90,3.58
355,Gari,RU,2020-01-05 06:28:39,59.43,62.35,23.41,88,69,12.71
356,Chake Chake,TZ,2020-01-05 06:28:39,-5.25,39.77,83.35,75,88,6.69
357,Pangody,RU,2020-01-05 06:26:45,65.85,74.49,21.6,90,78,16.6
358,Mapiripan,CO,2020-01-05 06:28:40,2.89,-72.13,71.53,81,55,3.65
359,Rocha,UY,2020-01-05 06:25:26,-34.48,-54.34,59.97,95,0,7.58
360,Tarakan,ID,2020-01-05 06:25:05,3.3,117.63,81.66,72,100,3.71
361,Spas,MK,2020-01-05 06:28:41,41.55,20.48,39.2,86,75,3.36
362,Vidim,CZ,2020-01-05 06:28:41,50.47,14.53,33.01,80,17,9.17
363,Chimbote,PE,2020-01-05 06:28:41,-9.08,-78.59,69.73,82,100,2.46
364,Teya,MX,2020-01-05 06:28:41,21.05,-89.07,69.01,77,40,3.36
365,Sturlic,BA,2020-01-05 06:28:42,45.06,15.78,25.0,93,23,1.32
366,Hambantota,LK,2020-01-05 06:28:42,6.12,81.12,87.8,70,40,14.99
367,Bocas Del Toro,PA,2020-01-05 06:28:42,9.33,-82.25,64.99,72,64,5.01
368,Amot,NO,2020-01-05 06:28:43,59.57,7.99,22.75,85,100,1.5
369,Souillac,FR,2020-01-05 06:28:43,45.6,-0.6,35.01,100,0,3.36
370,Samarai,PG,2020-01-05 06:28:43,-10.62,150.67,82.89,77,100,4.32
371,Kysyl-Syr,RU,2020-01-05 06:28:43,63.9,122.77,-14.42,97,99,5.21
372,Nyurba,RU,2020-01-05 06:25:41,63.29,118.35,-17.36,98,91,1.34
373,Port Lincoln,AU,2020-01-05 06:28:44,-34.72,135.86,62.51,67,100,16.51
374,Portel,BR,2020-01-05 06:28:44,-1.94,-50.82,72.16,99,96,2.17
375,Ximei,TW,2020-01-05 06:28:44,23.74,120.51,78.01,73,40,5.82
376,Rongcheng,CN,2020-01-05 06:28:44,37.16,122.42,46.99,72,100,3.51
377,Porto Velho,BR,2020-01-05 06:24:40,-8.75,-63.87,77.0,94,75,2.24
378,Guiuan,PH,2020-01-05 06:28:45,11.03,125.72,81.7,79,43,22.95
379,Casper,US,2020-01-05 06:28:45,42.87,-106.31,35.01,63,1,11.41
380,Loandjili,CG,2020-01-05 06:28:45,-4.77,11.87,75.2,100,20,4.7
381,Buraydah,SA,2020-01-05 06:28:45,26.33,43.97,51.8,62,40,9.17
382,Kuybyshevskiy Zaton,RU,2020-01-05 06:28:46,55.16,49.17,32.0,90,90,4.47
383,Lukovetskiy,RU,2020-01-05 06:28:46,64.29,41.92,23.0,85,93,6.71
384,Ambalavao,MG,2020-01-05 06:28:46,-21.83,46.94,71.65,71,63,4.43
385,Talnakh,RU,2020-01-05 06:28:46,69.49,88.39,8.6,92,90,33.55
386,Les Cayes,HT,2020-01-05 06:28:47,18.19,-73.75,79.9,76,21,4.29
387,Ngaoundere,CM,2020-01-05 06:28:47,7.32,13.58,56.57,34,1,3.42
388,Goderich,CA,2020-01-05 06:28:47,43.74,-81.71,34.0,84,99,1.99
389,Victor Harbor,AU,2020-01-05 06:28:47,-35.55,138.62,63.0,51,75,12.75
390,Pontianak,ID,2020-01-05 06:28:47,-0.02,109.34,87.8,66,75,8.05
391,Aviles,ES,2020-01-05 06:26:46,43.55,-5.92,48.99,81,40,4.7
392,Dzhalka,RU,2020-01-05 06:28:48,43.32,45.99,28.4,92,90,4.47
393,Ko Samui,TH,2020-01-05 06:27:20,9.54,99.94,82.4,78,40,9.17
394,Havelock,US,2020-01-05 06:26:09,34.88,-76.9,51.8,63,75,23.04
395,Erzin,TR,2020-01-05 06:28:48,36.95,36.2,46.4,87,75,4.7
396,Alofi,NU,2020-01-05 06:28:49,-19.06,-169.92,80.6,83,4,6.93
397,Gull Lake,CA,2020-01-05 06:28:49,50.1,-108.48,30.2,74,1,20.8
398,Colares,PT,2020-01-05 06:28:50,38.8,-9.45,46.99,87,0,5.82
399,Mehamn,NO,2020-01-05 06:28:50,71.03,27.85,24.3,73,100,23.73
400,Touros,BR,2020-01-05 06:28:50,-5.2,-35.46,75.2,88,40,4.7
401,Narragansett,US,2020-01-05 06:27:29,41.45,-71.45,41.0,100,90,13.87
402,Arcachon,FR,2020-01-05 06:28:51,44.65,-1.18,33.8,92,0,4.7
403,Jumla,NP,2020-01-05 06:28:51,29.28,82.18,36.32,34,11,4.14
404,Turukhansk,RU,2020-01-05 06:28:51,65.8,87.96,14.76,93,100,16.35
405,Shingu,JP,2020-01-05 06:25:21,33.72,135.99,48.2,45,40,18.34
406,Vigrestad,NO,2020-01-05 06:28:52,58.57,5.7,39.99,93,75,14.99
407,Thakurganj,IN,2020-01-05 06:25:17,26.43,88.13,67.93,55,0,7.61
408,Tual,ID,2020-01-05 06:28:52,-5.67,132.75,83.39,75,100,11.12
409,Senneterre,CA,2020-01-05 06:28:52,48.39,-77.24,10.4,92,90,6.93
410,Fairbanks,US,2020-01-05 06:25:33,64.84,-147.72,-16.01,74,75,1.36
411,Marathon,CA,2020-01-05 06:28:53,48.72,-86.38,18.05,85,99,8.57
412,Arys,KZ,2020-01-05 06:28:54,42.43,68.8,42.8,75,100,8.95
413,Dombarovskiy,RU,2020-01-05 06:28:54,50.76,59.54,15.12,95,84,7.43
414,Easton,US,2020-01-05 06:27:50,38.77,-76.08,46.0,70,90,16.11
415,Soyo,AO,2020-01-05 06:28:54,-6.13,12.37,75.2,94,75,5.75
416,Malinovoye Ozero,RU,2020-01-05 06:28:55,51.68,79.77,20.95,85,93,11.72
417,Gigmoto,PH,2020-01-05 06:28:55,13.78,124.39,79.9,77,85,25.41
418,Blois,FR,2020-01-05 06:28:55,47.59,1.33,42.8,100,90,3.24
419,West Wendover,US,2020-01-05 06:28:55,40.74,-114.07,30.2,86,1,9.17
420,Vila Franca Do Campo,PT,2020-01-05 06:28:55,37.72,-25.43,64.4,77,75,14.99
421,North Bend,US,2020-01-05 06:28:56,43.41,-124.22,46.0,87,90,10.29
422,The Pas,CA,2020-01-05 06:28:56,53.82,-101.24,15.8,85,90,5.82
423,Santa Rosa,AR,2020-01-05 06:28:56,-36.62,-64.29,62.73,84,10,7.11
424,Codrington,AU,2020-01-05 06:28:56,-28.95,153.24,96.8,32,0,9.17
425,Sao Domingos Do Maranhao,BR,2020-01-05 06:28:57,-5.58,-44.39,69.35,97,100,2.68
426,Havre-Saint-Pierre,CA,2020-01-05 06:28:57,50.23,-63.6,17.6,78,90,8.05
427,Anadyr,RU,2020-01-05 06:28:57,64.73,177.51,-31.0,73,0,13.42
428,Winslow,GB,2020-01-05 06:28:57,51.94,-0.88,45.0,93,90,5.82
429,Ust-Tsilma,RU,2020-01-05 06:28:58,65.44,52.15,22.55,92,91,7.36
430,Trofaiach,AT,2020-01-05 06:25:42,47.43,15.01,35.01,90,100,5.82
431,Bangkalan,ID,2020-01-05 06:28:58,-7.05,112.74,89.51,64,44,10.63
432,Dunedin,NZ,2020-01-05 06:28:58,-45.87,170.5,57.0,58,40,26.13
433,Sabang,PH,2020-01-05 06:28:59,13.8,121.11,82.0,70,37,11.99
434,Kingston,JM,2020-01-05 06:28:59,17.97,-76.79,80.6,74,20,6.93
435,Mamallapuram,IN,2020-01-05 06:28:59,12.63,80.17,86.0,70,40,9.17
436,Champerico,MX,2020-01-05 06:29:00,16.38,-93.6,66.2,68,5,10.29
437,Aloleng,PH,2020-01-05 06:29:00,16.13,119.78,87.31,44,0,13.67
438,Katherine,AU,2020-01-05 06:29:00,-14.47,132.26,96.8,41,40,9.17
439,Acaponeta,MX,2020-01-05 06:29:00,22.49,-105.36,61.16,45,2,4.68
440,Cuamba,MZ,2020-01-05 06:29:00,-14.8,36.54,73.26,91,100,0.16
441,Vardo,US,2020-01-05 06:29:01,39.62,-77.74,42.01,60,90,12.75
442,Waipawa,NZ,2020-01-05 06:29:01,-39.94,176.59,63.0,69,100,18.01
443,Tupik,RU,2020-01-05 06:29:01,54.43,119.94,4.86,91,0,1.1
444,Maunabo,PR,2020-01-05 06:29:01,18.01,-65.9,75.2,83,1,3.36
445,Effingham,US,2020-01-05 06:25:51,39.12,-88.54,28.4,68,1,4.68
446,Chapaevsk,RU,2020-01-05 06:29:02,52.98,49.71,33.8,86,75,13.42
447,Calbuco,CL,2020-01-05 06:29:02,-41.77,-73.13,51.8,87,90,3.36
448,San Borja,BO,2020-01-05 06:29:02,-14.86,-66.75,73.08,99,100,1.23
449,Abu Zabad,SD,2020-01-05 06:29:03,12.35,29.25,57.81,33,80,20.42
450,Half Moon Bay,US,2020-01-05 06:29:03,37.46,-122.43,51.01,87,1,16.2
451,Nanortalik,GL,2020-01-05 06:29:03,60.14,-45.24,30.36,77,97,18.05
452,Kang,BW,2020-01-05 06:29:03,-23.67,22.79,79.79,57,25,8.03
453,Poum,MK,2020-01-05 06:29:03,41.28,20.71,33.8,80,90,10.29
454,Milkovo,BG,2020-01-05 06:29:04,41.53,24.68,48.99,70,75,4.7
455,Bhinmal,IN,2020-01-05 06:29:04,25.01,72.27,72.0,30,0,4.43
456,Ushibuka,JP,2020-01-05 06:29:04,32.19,130.02,54.03,53,0,11.88
457,Clyde River,CA,2020-01-05 06:29:04,70.47,-68.59,-29.2,60,90,14.99
458,Vega De Alatorre,MX,2020-01-05 06:29:04,20.03,-96.65,65.98,65,0,10.67
459,Pampa,US,2020-01-05 06:29:05,35.54,-100.96,53.6,48,1,13.87
460,Cayenne,GF,2020-01-05 06:29:05,4.94,-52.33,77.0,88,63,1.12
461,Marpingen,DE,2020-01-05 06:29:05,49.45,7.06,41.0,100,40,2.24
462,Souris,CA,2020-01-05 06:29:06,46.36,-62.25,33.01,92,90,4.7
463,Padang,ID,2020-01-05 06:29:06,-0.92,100.36,83.73,62,35,1.97
464,Isangel,VU,2020-01-05 06:29:06,-19.55,169.27,86.0,58,75,17.22
465,Luganville,VU,2020-01-05 06:26:13,-15.51,167.18,73.4,100,40,11.41
466,Porto-Vecchio,FR,2020-01-05 06:29:06,41.59,9.28,46.4,100,20,3.36
467,Teguldet,RU,2020-01-05 06:26:05,57.31,88.17,24.03,92,100,11.48
468,Zyryanovsk,KZ,2020-01-05 06:29:07,49.74,84.27,10.83,73,0,1.01
469,Mecca,SA,2020-01-05 06:29:07,21.43,39.83,61.36,54,94,9.8
470,Sibolga,ID,2020-01-05 06:27:21,1.74,98.78,86.9,63,29,1.97
471,Saint-Pierre,FR,2020-01-05 06:29:08,48.95,4.24,35.6,100,77,3.36
472,Yakeshi,CN,2020-01-05 06:29:08,49.28,120.73,4.66,90,22,2.35
473,Rio Cuarto,AR,2020-01-05 06:29:08,-33.13,-64.35,73.4,56,20,11.41
474,Udachnyy,RU,2020-01-05 06:29:08,66.42,112.4,-11.2,76,81,2.24
475,Mareeba,AU,2020-01-05 06:29:08,-16.99,145.42,87.8,52,75,12.75
476,Kuybyshevo,UA,2020-01-05 06:29:09,44.63,33.86,33.73,97,98,3.98
477,Kharan,PK,2020-01-05 06:29:09,28.58,65.42,62.06,67,100,4.88
478,Hobyo,SO,2020-01-05 06:29:09,5.35,48.53,81.55,73,52,16.84
479,Auch,FR,2020-01-05 06:29:10,43.65,0.59,39.0,93,90,2.24
480,Cap Malheureux,MU,2020-01-05 06:29:10,-19.98,57.61,78.01,94,75,6.93
481,Nemuro,JP,2020-01-05 06:29:11,43.32,145.57,24.8,49,20,11.41
482,Kaeo,NZ,2020-01-05 06:29:11,-35.1,173.78,66.0,80,34,15.3
483,Ponta Delgada,PT,2020-01-05 06:29:11,37.73,-25.67,64.4,77,75,14.99
484,Salekhard,RU,2020-01-05 06:29:11,66.54,66.62,20.28,79,16,20.67
485,Auki,NG,2020-01-05 06:29:12,12.18,6.51,59.47,28,98,17.58
486,Benguela,AO,2020-01-05 06:29:12,-12.58,13.4,77.38,78,100,3.85
487,Buala,SB,2020-01-05 06:29:12,-8.15,159.59,83.61,79,100,10.58
488,Kongolo,CD,2020-01-05 06:29:13,-5.39,27.0,71.8,96,100,1.88
489,Wakefield,GB,2020-01-05 06:29:13,53.68,-1.5,46.4,87,75,14.99
490,Gimli,CA,2020-01-05 06:29:13,50.63,-96.99,27.0,86,100,5.99
491,Sohag,EG,2020-01-05 06:29:13,26.55,31.7,39.2,64,0,8.05
492,Filingue,NE,2020-01-05 06:29:14,14.35,3.32,55.98,30,17,12.41
493,Agutaya,PH,2020-01-05 06:29:14,11.15,120.94,80.73,79,7,30.82
494,Imbituba,BR,2020-01-05 06:29:14,-28.24,-48.67,69.8,100,75,6.93
495,Cap-Aux-Meules,CA,2020-01-05 06:29:14,47.38,-61.86,29.5,83,99,4.65
496,Carballo,ES,2020-01-05 06:29:15,43.21,-8.69,36.0,97,20,4.7
497,Algiers,US,2020-01-05 06:29:15,29.94,-90.04,51.01,100,1,5.88
498,Aksha,RU,2020-01-05 06:29:15,50.28,113.29,15.08,78,100,0.92
499,Struer,DK,2020-01-05 06:29:16,56.48,8.6,37.99,80,53,5.82
500,Tilichiki,RU,2020-01-05 06:29:16,60.47,166.1,-6.25,61,41,6.2
501,Caravelas,BR,2020-01-05 06:29:16,-17.73,-39.27,74.86,91,100,10.56
502,Oistins,BB,2020-01-05 06:29:16,13.07,-59.53,77.0,78,20,6.93
503,Faya,SA,2020-01-05 06:29:16,18.39,42.45,62.6,77,75,17.22
504,Bonaventure,CA,2020-01-05 06:29:17,48.04,-65.49,28.99,73,90,3.36
505,Palmer,AU,2020-01-05 06:29:17,-34.85,139.16,64.99,51,75,12.75
506,Yaan,NG,2020-01-05 06:29:17,7.38,8.57,66.74,30,16,5.73
507,Gandajika,CD,2020-01-05 06:29:17,-6.75,23.95,70.48,89,100,3.96
508,Tromso,NO,2020-01-05 06:29:18,69.65,18.96,28.0,79,75,5.82
509,Findlay,US,2020-01-05 06:29:13,41.04,-83.65,32.0,77,90,17.22
510,Hammerfest,NO,2020-01-05 06:29:18,70.66,23.68,24.8,79,100,36.91
511,Bandarbeyla,SO,2020-01-05 06:26:28,9.49,50.81,77.65,76,13,14.27
512,Marsala,IT,2020-01-05 06:29:19,37.8,12.44,57.99,82,75,13.87
513,Sfantu Gheorghe,RO,2020-01-05 06:29:19,44.65,26.83,37.0,97,90,13.87
514,Pasni,PK,2020-01-05 06:29:19,25.26,63.48,71.82,66,39,3.22
515,Vokhma,RU,2020-01-05 06:29:20,58.93,46.76,24.78,95,97,7.2
516,Zheleznodorozhnyy,RU,2020-01-05 06:29:20,55.75,38.0,32.0,90,75,6.71
517,Zapolyarnyy,RU,2020-01-05 06:29:20,69.43,30.82,19.4,85,93,31.09
518,Juegang,CN,2020-01-05 06:29:21,32.31,121.18,53.01,83,100,1.01
519,Fort Nelson,CA,2020-01-05 06:29:21,58.81,-122.69,-18.4,82,20,3.36
520,Itarema,BR,2020-01-05 06:25:37,-2.92,-39.92,75.6,92,100,2.91
521,Flinders,AU,2020-01-05 06:29:21,-34.58,150.85,72.0,100,94,9.17
522,Kahului,US,2020-01-05 06:25:41,20.89,-156.47,75.2,78,20,14.99
523,Pori,FI,2020-01-05 06:29:22,61.49,21.79,26.6,58,0,6.93
524,Oriximina,BR,2020-01-05 06:29:22,-1.77,-55.87,77.49,83,67,4.54
525,Niksic,ME,2020-01-05 06:29:22,42.77,18.95,50.0,34,99,16.11
526,Sokolovyy,RU,2020-01-05 06:29:22,51.57,45.83,32.0,82,98,4.0
527,Novikovo,RU,2020-01-05 06:29:22,51.15,37.89,28.98,95,100,2.48
528,Mattru,SL,2020-01-05 06:29:23,7.62,-11.83,66.99,74,10,3.53
529,Dicabisagan,PH,2020-01-05 06:29:23,17.08,122.42,76.21,75,3,13.96
530,Mullingar,IE,2020-01-05 06:29:23,53.53,-7.34,46.4,87,40,14.99
531,Katsuura,JP,2020-01-05 06:29:23,33.93,134.5,52.0,43,75,16.11
532,Ixtapa,MX,2020-01-05 06:29:24,20.71,-105.21,63.0,87,5,8.01
533,Kidal,ML,2020-01-05 06:29:24,18.44,1.41,49.01,40,0,13.51
534,Glace Bay,CA,2020-01-05 06:27:13,46.2,-59.96,33.01,89,90,3.36
535,Gazli,UZ,2020-01-05 06:29:24,40.13,63.45,38.1,57,100,12.46
536,Dawei,MM,2020-01-05 06:29:24,14.07,98.19,81.57,65,69,10.94
537,Saraza,PH,2020-01-05 06:29:25,8.74,117.78,81.16,75,99,20.6
538,Porto Uniao,BR,2020-01-05 06:29:25,-26.24,-51.08,58.84,97,71,3.87
539,Margate,AU,2020-01-05 06:29:25,-43.03,147.26,69.01,42,5,16.11
540,Huarmey,PE,2020-01-05 06:29:25,-10.07,-78.15,70.23,75,100,2.37
541,San Ramon,NI,2020-01-05 06:26:19,12.92,-85.84,62.78,89,0,5.39
542,Windhoek,NA,2020-01-05 06:29:26,-22.57,17.08,71.6,68,100,1.12
543,Vanimo,PG,2020-01-05 06:29:26,-2.67,141.3,81.61,76,100,3.36
544,Kapuskasing,CA,2020-01-05 06:29:26,49.42,-82.43,10.4,92,90,3.36
545,La Serena,CL,2020-01-05 06:29:26,-29.9,-71.25,60.8,93,90,8.05
546,Kutum,SD,2020-01-05 06:29:27,14.2,24.66,50.77,38,0,6.33
547,Huanren,CN,2020-01-05 06:29:27,41.26,125.37,22.6,79,0,2.15
548,Bemidji,US,2020-01-05 06:29:27,47.48,-94.89,23.0,85,40,6.93
549,Puerto Carreno,CO,2020-01-05 06:29:28,6.19,-67.49,73.24,72,0,4.74
550,Odienne,CI,2020-01-05 06:29:28,9.51,-7.57,55.54,19,0,3.36
551,Wanning,AT,2020-01-05 06:29:28,48.64,13.53,35.01,87,20,10.29
552,Hasaki,JP,2020-01-05 06:29:28,35.73,140.83,48.2,31,20,16.11
553,Mersing,MY,2020-01-05 06:29:28,2.43,103.84,80.47,82,55,19.71
